id,"first name","last name",Country
1,Bavishya,Amishi,gqanij@bzga.gax
2,Bhrithi,Abishta,v.20ionu_@ni.yv
3,Bhagirathi,Abirami,nlb.pgoxp_uw.nt2@akfdxbw.pdd
4,Amlika,Bipasha,favgtkdolan3gukni@zui.aru
5,Anamika,Alopa,pr.u@fo.foy
6,Aloki,Ambaalika,mp09u2klczl@vj.ifg
7,Amukta,Amrapali,pg1ak_jji@yugz.ogm
8,Adwiteya,Anasuya,hmb.hkny5yl_u_yf@gflmqpdc.gjx
9,Anika,Ambuda,haa7j@xuyo.yo
10,Ananda,Amulya,fxqpjqhifhe@esxodlkpu.pum
11,Anasuya,Anandi,dwglvkvomflaulst@sjqsuhvu.xl
12,Abhimani,Bindu,p_r_yd8dhxlq.i@fenzpptcjw.voh
13,Bhama,Bheema,fm.whniaoxbl9ht.@bgryl.vz
14,Anamika,Abhijita,w70bg@uu.uxj
15,Akriti,Akhila,j.r0_pouedugaijl@tjx.ip
16,Anasuya,Anantaa,othwu@lf.frl
17,Aanandi,Amisha,njde@bp.pr
18,Amrita,Anishka,brcenak@yww.pab
19,Ajaya,Ajita,eo9kiwxbh_y.y@gqhdtpsmm.pkw
20,Amaris,Ankita,iykoeffy_hwt_sx7.@fslnaqzo.wp
21,Anandmayee,Aasha,jbbjephj@uet.cp
22,Aathmika,Anita,gffj@co.oi
23,Bhagyawati,Bipasha,l.vl2i4igs_.c_42@sugzhb.pw
24,Bindu,Aadarshini,aoowgwrr.ih@pumetxxy.yzd
25,Aakanksha,Alaina,az5pha@sg.stl
26,Ambaalika,Anemone,ndrksmrshu.@edyskkxyz.yzj
27,Bhagini,Amitjyoti,t_tdafr_df76ehvz@zhgvfsubh.ful
28,Andal,Anjali,uxmdx8gketn0wl_.z@aafsgewzdsfo.mr
29,Bala,Alak,c_tf.ug8h6zrwzrgv@xooggrdd.mha
30,Bidisha,Almas,zimh.2ye@weofv.wh
31,Bindhiya,Alisha,riyii_jglqi@ksvm.vy
32,Belli,Aashritha,usavx.qyxmcnzj@feixsrzq.xnn
33,Alda,Adishakti,mzuiwlky2@esock.uq
34,Bavishya,Amba,wcenv@rrrh.rh
35,Anantaa,Aashi,bwcetdpxd@ezm.zop
36,Aarini,Ankaiyarkanni,ipfewueid.ef28@twlpm.ush
37,Amal,Bhavi,wgn7sa.@fpif.mm
38,Amulya,Abhirupa,c1eoqhy_r6u9j.@kgoq.pr
39,Aarti,Amitrasudan,hh_ow@ykop.op
40,Adrika,Alaina,ql.5gjo2zyazyq8ln@rywczqgsd.qv
41,Bhadrusha,Amrita,ga_b5xoso@vzppvnx.zj
42,Bina,Abhijaata,ecoevjzrm_qidg@vy.nre
43,Anjini,Anika,byv_bfv2hg3_@daetxrrg.bol
44,Bhanumati,Adwiteya,l3wach@uuibo.ibo
45,Alka,Amshula,w.jeqfxyo7_.zfpy@jddwle.eou
46,Bhanuja,Bodhi,oxu8tbe3kfzf_ba@axdstqngsotd.dak
47,Bhanusri,Alaka,wua.om.xfik_pvnmc@qczvjpb.pge
48,Aasha,Aghanashini,nrrc0z_kslc0a@slwwpgjdfxt.xtn
49,Beena,Bijli,ri.7f.@oufth.fth
50,Bandhura,Aahna,xf_._xa@fot.dgr
51,Ambuda,Bhuvi,crout7fxtcp@rpbqiodfsq.sq
52,Bandhavi,Belli,lhrbixig3@jof.bs
53,Alopa,Ahalya,bpz7thn3om9le@ggrxwnf.fhj
54,Anchita,Aishwarya,rap43@gplw.plw
55,Adhishree,Alaina,twkxem_biy@gb.ovu
56,Anandani,Adishakti,xodt.bg@mwfvsv.sv
57,Ahalya,Ahalya,wvv26u@yghmt.hmt
58,Amodini,Amoda,ivoi8jh3@jkyuuxo.xo
59,Aarti,Barkha,n8k.ohr6utihz@cvxcwoelsy.uu
60,Anilaja,Ambu,pjeveh9rtt@ibpwyg.mlc
61,Bakula,Bhamini,ut7a4@ja.db
62,Banni,Anarghya,ust7iu.yckhuyf743@qqemzwarpqega.xo
63,Aaratrika,Ambika,z7pweoqb0@gkibjttz.tz
64,Bhagavathi,Amitrasudan,rfc31_gi_g_wnferi@tzxabkexq.ye
65,Aashi,Amba,oakgu_w.6mguvie@ix.fl
66,Advika,Alpa,yrjctxb_4kv.z1c@ieqbkdx.twb
67,Anemone,Anbar,ogc.2n5oiohno@keyvqnhjcojy.ojy
68,Anjana,Andal,k.zzqhm.@qu.fb
69,Abhijaata,Bhairavi,zaizzbc.189p@rmz.pk
70,Abhimani,Anandi,z_dkqk.t5afhexw@csgzrrrmpz.cb
71,Amritrashmi,Abhitha,fztj@ona.ona
72,Akula,Anamitra,jtoc2yb.lvbk.h@fpokdhivginw.nwx
73,Bhanuni,Adhishree,ol07pnz3kqo@lkui.uqa
74,Amishi,Anantaa,p3.v_esn7@gkus.lr
75,Amrapali,Amrapali,iftvvw4sfxjai8_g@xcw.is
76,Amritambu,Aboli,guhjcxemz5ufiz@ocozw.jmo
77,Bina,Adwiteya,h5ozdxcm@uxvskb.kbx
78,Aboli,Aanchal,rfxifh@thcm.cmn
79,Akshadha,Aditi,zul8z_jammna@et.tcj
80,Bhanupriya,Bidisha,u.qsjaspsgnfhtxa@yebrscg.muy
81,Alka,Amiti,wm1liynckc@dtvklr.pq
82,Amal,Aasia,g7x.qr@itebhb.bhb
83,Adishakti,Bhagyawati,nec.1ydwg@qk.ug
84,Bavishya,Anindita,soiwm8ambsd1dsu9.@pdsptxbaos.xb
85,Alak,Bhama,ehlcpz_an_xu5f6q@kxkv.bf
86,Anangee,Amiti,gpu2@dz.dzd
87,Ambu,Adwitiya,c3qqhoolu@qvlgmvdl.vdl
88,Anchita,Bishakha,pzco1jm_.@niyev.sh
89,Bhavya,Alda,htv_zl.@iafs.pz
90,Bhooma,Aadhya,spojog@srjsx.sx
91,Agrima,Anarghya,mnnw_5j.zwjrct@kilatrrdi.dbu
92,Andal,Amiya,nalr_wby_@soy.amr
93,Anjika,Bidisha,yoko@bk.ki
94,Banmala,Abhilasha,s_zavx0l@mh.ng
95,Ahimsa,Bhanuni,wbid8gtp9@jybznkk.kkh
96,Aashni,Bharavi,bo.i1yox_.@ybt.ew
97,Adhira,Amodini,yngo.qtzi@efoihyb.bo
98,Anjani,Amara,lf_aiu8tqdqdfm_@hsgj.sa
99,Babita,Alak,xb3wly_bupe@hzqbpgufu.ug
100,Bavishya,Angaja,wzzgvlq1.yzm@rb.oq
101,Alekhya,Aanchal,uwff8pmiapjqw0@lysptbo.zk
102,Bipasha,Abhiruchi,mxxdwb@rwaxn.axn
103,Abhijaata,Bina,tgvw_vu8_d_q8fcc@pvob.bce
104,Amritrashmi,Bhairavi,ago0a8wbx_k.popbf@pzp.yaj
105,Bhanupriya,Anbar,pbct4tc@xigh.xo
106,Bhagyawati,Bageshri,zw9mopquv5zhhzb1@gkdczq.wa
107,Angha,Bipasha,e31rzbqtj@kyfwdp.pci
108,Akshi,Anishka,urkn0pigs0waxe@ksvrfjg.ub
109,Banni,Bhawna,xljp_yh0@etsn.iuw
110,Amolika,Bhanuja,wrwketysz9b@wa.fit
111,Anjani,Anandani,lcbm.@ayzo.yzo
112,Amla,Adwitiya,ae5.u8_qvmg@mctlbdaz.zun
113,Aishani,Alekhya,qfqdb.ayiz@mpb.mh
114,Alka,Anilaja,cloxqup.at@xypbsd.xcc
115,Bimbi,Aamani,xutcz@exwo.xwo
116,Aanchal,Akshayaa,xei4.@jwfq.fq
117,Akula,Akane,xba0bsjpbgm@zbmqmbnp.pod
118,Bhamini,Basanti,zkurm9spdd.@irawiwcctv.ctv
119,Aakriti,Angaja,c_vajvkux@wpvznfs.fsq
120,Banmala,Amiya,j4clxh0clmvjo@lzrxuswtn.bpx
121,Aaloka,Bhamini,ftwb@hjw.jw
122,Amrusha,Bhavani,e75.ktlvfcl@fzkn.op
123,Abhirupa,Bhumika,f.nj1apny0jzq_@nipcwnvre.klr
124,Abhipsa,Ami,ttbzch4yd5jjc.v_@zntva.lem
125,Almas,Aashna,w5mqk@hac.cq
126,Bhagyashri,Aditri,ebxfynrzase2k@zgqisuwng.mw
127,Ablaa,Briti,q8_img_.hhjs9@mbcjmyg.jp
128,Aashni,Abha,piyyn_q@njaxs.xsq
129,Anishka,Adwiteya,b0_bgqwsr1c47b@qbq.up
130,Adwita,Amlika,dq2bqs@xyju.juz
131,Bandhavi,Bhavna,xtaxnjtogqiebys@tlazfv.loh
132,Bhagini,Bijali,sflbp@bfhy.hy
133,Anisa,Bahula,vf6nw_pyf@pslsotz.zm
134,Amrutha,Anilaja,vcrgvwmag2u7o.@wsm.iuq
135,Amara,Alka,a.kg@rk.rkn
136,Bhadrusha,Banmala,d.d_r@az.zih
137,Beena,Abhira,bpf.da0ids@zcjgmpffs.ffs
138,Akhila,Aarti,m_ag6oveh1l@fjl.fum
139,Bhagyawati,Abhisarika,vzaalv.l5sbf4.@uhffhzuyf.mgv
140,Aadrika,Bhanupriya,ioejxpux@ot.sxn
141,Amitrasudan,Amukta,in2dxsq0@rzn.iit
142,Bhawna,Aja,kxdycv0co.hf@envnsv.ewq
143,Akhila,Alaknanda,a_hv@qii.ii
144,Amvi,Akhila,u7dw@kxj.xj
145,Akanksha,Bhagwati,yd5.@yr.yrz
146,Amishta,Amisha,hnxjararasl3x@qec.ri
147,Almas,Adya,w_hpe_jzx@tdeh.xj
148,Alka,Bhavya,nqn0@vg.vgc
149,Abishta,Bakul,poymkh2tb5@ign.ra
150,Bhavini,Alaina,e_fojylw7aec@jrhqg.bv
151,Anju,Akira,ah8skr4@kqgmlt.mlt
152,Agnishikha,Akuti,xjujvadw@harjy.fc
153,Abirami,Akane,ya_4jw_1dbkye@jowwfruty.hs
154,Adya,Bhavi,mmgz.2qpxp5nu@oqwbnajzw.zm
155,Akshara,Anjani,ccvd3cuy@cyjk.um
156,Bharavi,Anjana,lbiy9if.urq._yeff@uarffd.udx
157,Amishta,Bijli,qkumypsqe@vrax.uf
158,Bhanusri,Bhumika,p2ckgzx9@bwvoyr.yru
159,Bhagyalakshmi,Advika,fetcpp7swsc4d@fhpakmbdzofc.ofc
160,Bhupali,Akira,pedtzhbwwqrpf@lmljtjtywr.gw
161,Bhakti,Ablaa,mrb.w@edu.duf
162,Bhupali,Anandani,rura.@zm.mib
163,Aanandamayee,Aarini,thudyx.vqjktx.@qxcswo.mt
164,Bhavini,Alopa,m9yz3ncg@foevoy.yb
165,Ambuja,Bhrithi,xbv6qaif1b4viy@hftgwzndgctnq.nq
166,Amlika,Amulya,o6.odjamx@hxushzqf.zqf
167,Angoori,Amritrashmi,vepw5roz0xh@tfmiw.cy
168,Bhavya,Akshayaa,ciazyf26j9_y@gacmnpyqhxk.xk
169,Bhavya,Aditri,thbs@nvr.vr
170,Bhairavi,Aadita,se_tk@guu.uut
171,Amlankusum,Anagha,k0h.fkbbe_hve@sqjjcjbc.axs
172,Akriti,Akanksha,pjudnwnaf0@zfod.ze
173,Amisha,Aathmika,fqj5au@kvitg.tg
174,Bhavani,Adwita,a_svnrop@lb.wmu
175,Angira,Aasha,v6ekccm_g@cqphbg.ck
176,Anishka,Ahalya,lb4cuhr7e@sfifhyax.yax
177,Bhama,Anamitra,tdnbasq6alqtu@lefpoo.uxa
178,Aboli,Ananti,fi_oxw6at.d@lby.ec
179,Bindu,Banni,awn7q5i3xs@heylelttv.tv
180,Agrata,Almas,pzli.b7k0fr8yt4@ciklqyixdb.qvb
181,Amlika,Bijal,z.xdxsa@ib.lsd
182,Aishi,Bishakha,r.xqpxkfes@imvecdt.fb
183,Bhagavathi,Agrata,ylrxg.gqdq@piqj.siu
184,Ambu,Bindu,zacgte91x50wi8f.@wjtoh.bzm
185,Bryn,Amvi,anebm@ata.ax
186,Anju,Anchita,jz2._mjvu@pmnot.jov
187,Agriya,Aditri,rfcahighmihyvpsg@rsxswnuqww.lfl
188,Adhishree,Abhirupa,oqfcr_@prb.bnf
189,Alaina,Bhanu,phkwym5wmokpil@peilbjsyyc.uhp
190,Ahalya,Bhanusri,fni_juov@hk.kv
191,Aghanashini,Aakriti,pymgf.egl@twlyhwzg.wzg
192,Anilaja,Bijli,yqhn7jnajbisl.@wqi.bxw
193,Amitrasudan,Bindu,tg.hi2gayy40@vfnt.qa
194,Anjum,Anjalee,lcrbct_@empfzt.fzt
195,Bhanuja,Ahalya,dq.kb@sjuo.uo
196,Bansari,Amulya,vrgfbhvuqfsk.s9@htmfv.xm
197,Bhavana,Bageshri,v.q1vwiv_h@zxfn.lkl
198,Ambuja,Aasia,xmpvxnxj2@vxsgnht.hti
199,Ambaalika,Akuti,e_9z3qox13ek@bmpe.qvl
200,Abhitha,Abhipsa,vvyyc_6zm_t_yr.fl@azpqzjczgg.ggc
201,Anbar,Anindita,epkxoycgzy.ysubx@gwk.fjz
202,Baijanti,Bhawna,fp.8nsfyyb.0_0f@gympf.kus
203,Agriya,Amaldeepti,bhozic.y.mjgg5@bi.pc
204,Adishakti,Amaldeepti,ccs_sl@oe.ii
205,Bhupali,Aarika,hxarvpojdz.vz2@kxtvauqgxgpxz.pxz
206,Analaa,Akshara,fq_jhldr1@ypshjs.smc
207,Ablaa,Alopa,slbunu_ll.ks.qom@kkvmlxbamgev.qn
208,Aashna,Angira,wpllac1egu6fm@hmtyhch.vkp
209,Akriti,Bindu,kepk_.amgb8i@ozcib.ubr
210,Abhirami,Alpita,g5gg.ywguv@kjzxfhv.xia
211,Abhijita,Amishta,ael9vj_sdg@cwyqng.obx
212,Bhagavathi,Angoori,yywqcahxafh_chj@nbvazzl.nnh
213,Bijali,Baijanti,gcnd@dlp.dlp
214,Bhupali,Amodini,liztyx@kj.hm
215,Agamya,Abirami,eqbzrwtknt@gl.kg
216,Bhavini,Aabharana,pgrigd2x.olf@gzmezbcfs.wx
217,Aastha,Bharavi,qop7cj_yqtvakwsdw@psmhqa.va
218,Akshara,Alpa,pysdwl4bcdso@ooaxn.xpa
219,Alisha,Aapti,ac3hwp.w3hyf@kaptbyq.ti
220,Ambaalika,Bhagirathi,be5r.b@bsyda.yda
221,Ahimsa,Aabha,ool_ey1yoc@ybuk.non
222,Brinda,Ambar,to7nj_x@de.oq
223,Anamitra,Akhila,nwahnj@frvda.da
224,Amiti,Agamya,litz.ebdj@rnzywrci.ci
225,Aahna,Akane,ryx.r@eeee.eee
226,Aaratrika,Aaniya,msfiubw3kkwd.@smlywbde.jcj
227,Alaina,Bhavani,og_x.bfq6ji@yse.dma
228,Aghanashini,Aamaal,dqwhgz99c@fcrljzm.zmy
229,Ana,Anjum,w8lc6m_vaoe_ltuv@rcxj.nqu
230,Analaa,Bani,hawyw6rhc@dys.ac
231,Aatmaja,Abhiri,xm_3trs5k@yfgeknt.tv
232,Abhirami,Brijabala,ijax6bs2vvczlhiap@cvskfspndqhn.ebt
233,Abhiri,Anita,ldjekny8zbxrpwy@atlkkgjt.ukr
234,Akshi,Akshi,gclr.baiz.@tue.bc
235,Bipasha,Barsha,ooueo_j4@ac.rkz
236,Ahladita,Bidisha,drihshe@obj.en
237,Belli,Bijal,wubs@si.iz
238,Aishwarya,Alaknanda,v5bnkf6e_n9@gstqtfcrw.rwp
239,Bulbul,Ajaa,qtxlr.plryafw_a.@wwor.hvi
240,Anisha,Bindu,judie.fp0_.y0t@ciponw.nrp
241,Akuti,Anangee,be8ko6rcya_y0px_9@wwflnbwghsn.nm
242,Aahlaadita,Agrata,wgfh@qn.qnw
243,Aatmaja,Amodini,l5cklcumjma@oryvl.th
244,Andal,Aabharana,sfpj.tf@jk.lq
245,Alaina,Bhanumati,hyij62mgkjh@hlrt.wzc
246,Anika,Alopa,saztsoxwcurx9af.y@cbvfgkeym.gc
247,Advika,Amodini,lgtu4umxlx5@inr.mab
248,Ahladita,Aashalata,d9albfv_tk2_@kf.yo
249,Bandhura,Abhijita,snfxcwdyjnlpdmgp.@klmag.fu
250,Bhavi,Aaradhya,penox@wejr.ejr
251,Bina,Agrata,bhddgsj.@sxoym.man
252,Abhilasha,Bhagyalakshmi,bpdt_v9w.p.fpe.w@uzmjsd.qr
253,Adrika,Bimala,bdi4_zkynmwduk@ywbokenpo.fl
254,Abhilasha,Bhagyalakshmi,ailvrtujxbmf3@nndbahdh.fu
255,Aahna,Abhisarika,pvvb92.ru@rlegk.peo
256,Abhiri,Aamrapali,zfuha7s.n5znexp@miwrhwtxgj.ipd
257,Bishakha,Aarti,lyzib4r@lglvv.vvc
258,Bhagyalakshmi,Abishta,bjfbla_@awi.va
259,Ananti,Anbar,ow_m.ntrd.s_a_.v@mjxkxzf.xg
260,Basanti,Amodini,w9yg@uoj.oj
261,Bijli,Aatmaja,fsiqi4t.kxd@ot.mjs
262,Ankolika,Basanti,jp.5wjy@ovqyy.yys
263,Aamani,Bhagyalakshmi,gu_oaoctc@frfputh.thy
264,Amritrashmi,Bulbul,d9wjoky.rzrlynlkp@rireiszpqpoog.xp
265,Anchita,Aapti,pmofvyt3ivmrr@yghcyziqupq.qu
266,Akshi,Anandmayee,mbr6m@bh.bd
267,Aapti,Bahugandha,qiju@yr.yru
268,Bandhavi,Bishakha,h6vv3lmvyi3_@jqcab.cn
269,Akanksha,Bavishya,v6k_ossba2v@tkjgkechaq.haq
270,Achla,Anaamika,ccpz_t_.csa6_wlp@xdryqxivbujwz.sip
271,Bansari,Achala,zmnp4rx015aj@jbtznugp.qbe
272,Ambaalika,Aashna,bbr2hn6pdhirt@opsrpmhqvv.vxn
273,Bhamini,Alisha,npkm_u.u.u_vqspns@piwb.ao
274,Barsha,Akshara,zojmf4qm@jxux.rb
275,Aabha,Bhavika,fnf6kkv@xeirkn.rkn
276,Alpa,Bhavya,jnjflvqcgo@bnvionwso.wso
277,Bhavani,Aatmaja,y_9._@cv.twm
278,Ambika,Amidi,utng._l@xum.cjv
279,Ami,Aanandamayee,em1_u4b_f@rm.fmm
280,Anemone,Bhagini,eqgindq_tul.@opb.eo
281,Brinda,Ajaa,dpl2jhhbcf@ohwe.ewe
282,Abhiri,Angana,e.t0_tqxn_y@feilmpvdm.dmg
283,Aadrika,Abha,febi@emf.emf
284,Akshayaa,Akuti,demy0mwjsiaju@skqadgczujhr.hr
285,Amoolya,Anjushri,yt1uaaqyi@pqgbjmvt.vt
286,Bhadrusha,Akanksha,udkexvi64b@swihykj.jqb
287,Anishka,Anemone,e0tog_v@xf.qi
288,Anbar,Amla,j3yaip.beqwb@udjisjgq.ngy
289,Aashi,Bhavani,fef1ka@py.zsr
290,Bani,Bulbul,daexba_lq.uhg@fsakl.iom
291,Anju,Amukta,rf.qv_@ljybk.ybk
292,Akanksha,Alpita,jajql6uvyc4cqa@qbuuyfsfnie.ewu
293,Aboli,Bishakha,ck_irkx_i@ntuge.gle
294,Ahimsa,Bijali,o.zk_xurl8l9b_.g@wambne.rzh
295,Alopa,Ajaa,u.x.osdmch@ozdijow.kz
296,Anagi,Abhitha,irs.elz@kgpn.nyp
297,Angarika,Aarika,ro2dm@cn.nja
298,Bhadra,Ananti,ldzt@eh.ehb
299,Bageshri,Analaa,uxzlowm.lk.xjrggl@scagdzokxpjqr.ta
300,Achala,Aakanksha,xk_kmd@nsv.vnx
301,Bhavya,Aashalata,nekhzk1y03ia@fnrvoickx.od
302,Anchal,Bahula,eyukr.j4kykubd@fa.vhj
303,Akashleena,Bandhura,lyxncvi9zssqjk@hdoxbqxr.xvi
304,Bijal,Bulbul,bywxuh_0nerco@egfbbobnv.bvg
305,Bindhiya,Bhoomi,i.9fhutnvcfi@tlzn.rh
306,Ambika,Anilaja,ahlcag@cvdhn.dhn
307,Ambu,Bhawna,qxaatrc.@xncmn.ug
308,Andal,Amvi,yav_eh_@tfgo.omu
309,Aamaal,Amritkala,qgro@yob.ob
310,Almas,Anarghya,iaydlajar8qjuot1@afmigi.adh
311,Amishi,Ankal,qzf.mojnp7@ugebmue.si
312,Amrusha,Abhijaata,h2veb.mmzaxhuifh@vngttoh.hp
313,Aghanashini,Akshara,k2_gzw.u6oyst9vpx@ftlaizjwqcpav.wrd
314,Ajita,Bairavi,g8we_@nv.vse
315,Aasha,Angaja,aiqymgzj4@augeqgsz.sz
316,Amshula,Akhila,j00viowqg@riqog.ev
317,Aahlaadita,Alankrita,yktq5xoyxhp@lzoufdc.pap
318,Adwitiya,Ambar,khrl@zvt.zvt
319,Anisa,Akshita,izyb.te4_.@uabut.zqa
320,Bhavini,Baruni,vp9fje1f@gxm.ge
321,Anisha,Ajala,bmf_k6tmfgx0n@uppjlizd.rxa
322,Ambaalika,Aakanksha,gltf.vj@ogc.ny
323,Aishani,Baijanti,lq_lphjwu.f@vkfiazujbs.bs
324,Abhaya,Aaloka,q5gyiy.i_vifwddvf@cqqxc.qfb
325,Alakananda,Bhama,xxavm7j@neh.wud
326,Amitrasudan,Amolika,lbqnl_t@orsnsj.sj
327,Ankal,Aashni,qy_8yfbqgnvwsjk@nvsthrgluga.vz
328,Aashiyana,Belli,pwfgiskarde_jk@uiaklsiluw.sdl
329,Aashritha,Aanandi,kauchabayd0@jfqemkd.cwd
330,Ankita,Anantaa,dpchvjjd81g.@pnxyjjty.xi
331,Bhanupriya,Bhanupriya,zfgybj.z1_g7og@awdze.il
332,Akriti,Akshadha,jl8ikkb5bc@qgn.pf
333,Bodhi,Ajaya,zcawcedydqnbl@vdgwvpcnyo.qx
334,Briti,Aadhya,h_yyho@imqq.qy
335,Anavi,Bijli,k9e.6n3ww_my.en@wtnrujbjinx.ea
336,Aadarshini,Bhavna,xwyq_@vckw.kw
337,Bhanupriya,Barkha,sjhbhrm@eyfmm.mmo
338,Adwita,Anjalee,i9fbwvz6uzl@wbeeksbrxv.rxv
339,Anjushri,Bhrithi,khuyktq8rluj@dwc.xb
340,Aarushi,Anjum,crjirdzx_w4ghgvpn@foxvwmyufiqt.ow
341,Achala,Bidisha,bj6rnoo@nkptss.ss
342,Aahna,Akuti,bzjr@vqi.qi
343,Adya,Bel,owtiysz_@smswcy.yu
344,Barkha,Amshula,gpppetrd@nk.jgg
345,Agamya,Beena,h_t5.ezv@zrg.klm
346,Amoda,Aasha,temj_undn5e4@nftfgygimbw.mbw
347,Aapti,Ambu,xe_.hq.e_dpr9uqfh@xklmwtjjyb.ss
348,Ambuda,Bhamini,truim4@zsh.ya
349,Abhilasha,Bhamini,n6q.p5@nsft.ftr
350,Abhirami,Barkha,dmki9z@fr.jv
351,Akshara,Aanchal,bq8zetiytlp1cqpc@rsnmcsgtk.kp
352,Aarna,Anagi,n8izu.zih@iz.qeh
353,Bela,Bhanupriya,dsiju8j_evzpk@uguarjsyjixm.ixm
354,Anika,Amritkala,b1l_l@xgp.gpb
355,Angarika,Baruni,lv_femd9@ayo.au
356,Bhuvana,Aakriti,axpzzrfbpx@mwearftxq.txq
357,Amulya,Aastha,l2vjeeeuddfn@stlq.ct
358,Ahladita,Anjana,vambcy.wcdnwx@aykjgh.byc
359,Amodini,Bhadrusha,hpfuhfubwqlauamr@bs.xt
360,Amidi,Bhagirathi,fz7wtep2@ra.oqx
361,Bala,Bhandhavi,l1_edtegkyzct@frqrjcedeljp.ljp
362,Ambuda,Angha,la9g4z4a@npexaa.av
363,Alka,Bhairavi,vmcdi@iuqb.qb
364,Bhavani,Basanti,ni_c_i0kvmw@cbhsbvfr.qg
365,Anandani,Banmala,m1lrixmmi.la@mey.al
366,Anita,Bulbul,t6oqnrgke@kojicwts.ts
367,Ananda,Aabha,utszeyhhvobujmeep@tyskvdaew.gn
368,Adishakti,Alpana,oinmrxkrbh@uf.ki
369,Bhanupriya,Anamitra,k.kq2gdat@qjefuwk.ky
370,Amolika,Baka,mywl@syo.syo
371,Alka,Ahladita,ef.qc4gpr5z@ihnnbzhks.ksv
372,Bhanuja,Ahalya,nbbt.yolfqzeovgh@ulxmiazeep.kxf
373,Amoolya,Amshula,yrt8lrdu.pok@eqajvoispj.pjv
374,Bodhi,Anandi,mgnbzxpeco6v.q@nkknh.wgw
375,Amritambu,Amishta,px.yw0s.z@csm.gs
376,Ambika,Alda,twk0tt.k.as@lp.us
377,Bhagini,Bageshri,zdsp.et_@wyrhhfz.hfz
378,Bina,Ambika,nsgtol3t5_i6@iivvcl.not
379,Akshara,Alaka,w2jsi@iie.er
380,Aamani,Bairavi,tzjltu9@nvg.ew
381,Abhira,Adhishree,gvwxlhh@adqitp.tp
382,Anagi,Banni,ev68ikpjbryfl@tjn.ly
383,Amara,Bandhura,mlcvo_9ltzy@sxtmpalq.qxh
384,Bhawna,Adrika,ghwn@ih.ihd
385,Aatmaja,Amvi,xlhdd0zmjn_5d@yku.ipc
386,Analaa,Anandita,lvm_ohm04_@szlht.rrr
387,Aarti,Akshara,bzhlteg.k_8xr1.1.@dom.smc
388,Bhagini,Amshula,sio.@rev.ev
389,Amulya,Bansari,dhq40idmp4a_v@nxthxjqaz.hi
390,Anandita,Aaloka,ftqhzzm@pnewpg.pg
391,Bhagyalakshmi,Basanti,bwrs_o.6drf@luqkzv.dy
392,Anjika,Aabha,pyqi@mtr.mtr
393,Amitjyoti,Bishakha,iak.vb_@dauwp.bw
394,Aayushi,Anchala,amkmmduzrvkpzawm@xdhnojsoyhjw.wku
395,Ambaalika,Barsha,ktebcu_gx8n7.cqw@bhcxvmmdjto.wli
396,Bheema,Bimbi,hrkj5s.m8axcxkrqb@qpoelie.yi
397,Bulbul,Bhavika,jaw.fbfa.q_2sy@gvbkyukcama.axd
398,Abhijaata,Amiti,nw_r_@vm.bi
399,Basabi,Ajaa,vwi_khj@gd.sxs
400,Bani,Akane,i_._k63qw@xonqeli.lij
401,Ankolika,Ahimsa,s9vsqtw.mcnx@gprvfbwa.ynw
402,Anbar,Abhaya,mzmth@jbn.bnu
403,Amrita,Aanchal,vdkurb37k_6.kikq@cpuhkifxoky.khp
404,Aabharana,Amiya,ac_w.rtyczkmh_r@lgrnugfwnlbp.pwd
405,Ajaa,Bhavya,p6ok_l_cabl_t@njelngd.cen
406,Aastha,Aadrika,legrnk@wrb.dj
407,Bhanuja,Anangee,y6.x07hs8m5@erc.mm
408,Abhiri,Anasuya,o.duqpxtsjlerhw.j@ovuq.mnz
409,Alaina,Anandi,cu8g9n_kxj@pk.eu
410,Amala,Alpa,ewhmz0aesc.ai_9n@pbcuxauhzr.sc
411,Anantaa,Anantaa,c.5xi_hkrvpd@rqsddubbyh.hi
412,Aishwarya,Bhrithi,mjbsi@pb.ww
413,Adhishree,Bhuvi,vzc6trd7@tuag.xm
414,Bulbul,Anishka,zrjsnd@txc.bw
415,Bhamini,Amitjyoti,oiyjxcq5fq_wn2v.@ziaa.wep
416,Bel,Aabharana,h.0._fl6sjg@cnyevj.ke
417,Adhira,Amolika,b58uf@xb.brd
418,Amala,Bhama,mxhp_vpjwl6_axxun@nikfyzd.kyu
419,Amolika,Bhavya,qogs.g@nrac.acm
420,Anilaja,Adwiteya,ymplrsbvu.obpv5@frefzfoovjk.il
421,Amoolya,Ambika,pwveb2n_wxkfnmq@uibvadn.qz
422,Bhargavi,Aasha,xdo8ths9t@qzyf.lb
423,Amrapali,Bandhura,veofpp6zmz@ry.ui
424,Alisha,Bharavi,zn.y4fcg@xjm.jop
425,Aaniya,Abhiri,v_q_coisze@ncwdjpqp.pd
426,Aatmaja,Akshi,q_3bgcib2q@joai.hgv
427,Amritaya,Bhamini,ze.ic_bbincmc@qqjd.rnq
428,Aakanksha,Aahlaadita,jllgngj_4ldub@jokexkcbco.sj
429,Aanandita,Anamitra,oeawn@pg.geg
430,Ankal,Bhargavi,opjbdehqu@cj.dh
431,Analaa,Anjini,v_anc@spop.pop
432,Abhiri,Bulbul,bmojy_q3to@tjn.aa
433,Bhavi,Angoori,cg7m1ou.fjp4@pvod.jhs
434,Bani,Baka,ujn_3pbrtcojna@ms.sxe
435,Aamaal,Adya,khmj.a3l@jf.oq
436,Abha,Bodhi,v_jdfg.bornzpj@gic.zd
437,Abhiri,Anjani,f.jl.ic._nk@wigsdqor.nl
438,Ablaa,Alda,gcgyce0pr_ta5@yrybkdhc.gc
439,Ankaiyarkanni,Bandhavi,h6_a.kwjs@gpmhbbx.xb
440,Abhiruchi,Bhama,pkmo_d@fonv.nvb
441,Aarohi,Akane,wuei.@cot.otz
442,Anemone,Aahlaadita,gbnbufyjnqo.@xhezgfcqqi.qij
443,Alekhya,Anangee,wjrmneldf6ymek@inwixhklxrp.ls
444,Ananda,Bidisha,yvyn0evnsuw_s@pyziwbisf.jai
445,Ambuda,Aanandamayee,amxalk_j_c@fndhyfr.rzg
446,Anantaa,Bhagyashri,savcpjaie_sxy.w@wd.rc
447,Amidi,Akriti,sg4nskwog3@xexq.av
448,Anishka,Bhavana,lzq9ju4pdnxc4l_@imhag.jkj
449,Alpa,Anindita,yjatazj9tm@kpvsaf.dc
450,Bhavini,Amodini,pwzlte0.wcjcigt13@fuwzsxjlup.lao
451,Belli,Bandhavi,b0e7fioyroqr@hmnk.zsc
452,Aishi,Bhadrusha,fcypnc.ggnka@rko.ynm
453,Benaka,Amiya,sy_oo@qt.zd
454,Ahalya,Akashleena,p_gybu7byck8aa.@woaspptsoi.yf
455,Analaa,Baka,mx.chpeti@ep.zl
456,Adwiteya,Amritrashmi,bzig22px_2@irjwvzno.non
457,Anilaja,Akshi,t8eqvqseh@jy.vua
458,Amithi,Banmala,msb_1av1flre@pwtzcssfu.uve
459,Benaka,Abhaya,yg.ir@fr.rkm
460,Bijali,Aditri,hq.s_nn_iy3c_o3o@jrihussumhl.zt
461,Abhirupa,Adwitiya,y_5r.kchkgvurr25@vbgbe.whr
462,Alpita,Bijal,gizuee@xbm.mab
463,Bijli,Aashiyana,frpbmusmg@ivlrjdt.tf
464,Abhijaata,Abishta,vi.4ouozcx9@vricaqiu.kx
465,Alak,Analaa,khs.@wn.wne
466,Adwita,Adishakti,ps3o0uvox@wyc.rm
467,Aarti,Ambaalika,zhkrgvf@nyu.ha
468,Anindita,Aarika,wx9rn0zhfon@dessblzx.us
469,Bhagwati,Bhanuni,h.uccc.mh@yq.bwl
470,Abhirami,Amritaya,zbo.bqruxagnbv@hqzozxuxfxe.xl
471,Aja,Bishakha,w.oxl4yf@hwi.jn
472,Aarushi,Aarushi,n8_miakkgu1qbj3b@xrwjymf.dh
473,Anjushri,Alaknanda,m_tc@und.und
474,Brinda,Aaniya,nyasak_uxz_@ghslmfpiq.qt
475,Bimbi,Anagha,ae.tl2u1a_jzm_yx@py.zi
476,Aadhya,Bryn,ekiafx.i5v.c@hmxvxhzlcfd.cfd
477,Anbar,Bidisha,fxvjtj0s@wopxt.tmk
478,Barsha,Bulbul,qmeunz@frgp.pc
479,Ahladita,Aaloka,hn_j2txh_t@sgohbrimr.mrq
480,Aanandita,Ajita,x_xuhzl64upqfxnie@ikgyhmifnhe.ah
481,Anilaja,Bhavika,etbn_d_@nf.hfp
482,Ananya,Abhipsa,l1mvdww7d@kdidw.xgk
483,Amritaya,Amishi,swujrhb.aq_u_gtjm@xilmfaptxcm.cr
484,Agriya,Aahna,zf_rjxlb_khf@ok.kmh
485,Aditri,Aadhya,nl17igs_vj.hoplce@zkgplnal.ot
486,Bulbul,Ami,j.zacl6.4x@obtd.ceo
487,Angaja,Aayushi,naie6t.t_u_x@onpedzjxfdwwp.wwp
488,Ami,Akshara,xkivapc3whq_jan@xj.cus
489,Amba,Aaloka,psv.@ws.wsx
490,Amara,Aanandamayee,y.z.mxfi9ebce6uq@iernyobdj.ban
491,Bahula,Bairavi,u.zvtpwyw@otp.qpi
492,Aishi,Bhargavi,su_i.eozsr@uln.gj
493,Anisa,Aishi,bdhnydghhqqdgs@be.gq
494,Briti,Advika,x.go@za.zar
495,Aaniya,Ananda,rpj8@nur.nur
496,Bhadrusha,Abishta,acqkq_@fx.hw
497,Bharati,Akriti,fixjktg@he.dvh
498,Andal,Ambika,h_vkq.0diosewe@lnwnkzvystvqd.qd
499,Bodhi,Bhavana,ofq8kl@lys.tg
500,Alakananda,Aaradhya,nr2qg@lcz.czq
501,Akira,Amrita,fml0vdwhgfvhein.m@paaaapjgcok.njv
502,Adrika,Anjana,lpkc_g_lomzli.@rzbnfoii.gd
503,Akshayaa,Brinda,v9kquuc.dyys_nu5t@wggvatlzeeef.fja
504,Bhadrusha,Bindu,z_8xgkyp@aracgu.uq
505,Abhirami,Bahugandha,qyyn5kuxux.lzo@rdegpm.ow
506,Anavi,Anisa,i.iml_bfa8lw@nxm.pz
507,Amla,Babita,yim_74tsdrtyg2gd@mkcgjyl.br
508,Amodini,Bhavini,vw3_wovfydgxmcxux@mnykjmok.cb
509,Amshula,Alaknanda,vlle@mcd.cd
510,Briti,Bani,ru.0opgqm2w@yrzcsmgktb.ktb
511,Bhawna,Bhagyalakshmi,h643bdpxf.7i2@blkodzygxwee.ee
512,Aashritha,Ambuja,jyt.bpc@tt.zuj
513,Anaamika,Ambaalika,kqijvikubsno@sapdyx.wy
514,Alpa,Bhagyawati,t.k.dkzkdw0mzqva@augvvszqvxhq.qom
515,Ana,Amitrasudan,yk_cyze@oazov.vq
516,Akshara,Bakul,wm9ggl_ebsy4zcyk@pmttjet.pl
517,Ania,Alak,mptmldv9_9okjfgj@wy.urf
518,Amlika,Bani,c6_.5ocnku_buzkxe@squfkavxhfkmi.geu
519,Barsha,Amrutha,uljz0_tjtn_o@pviu.tp
520,Bala,Anavi,vyuez2.heeoj@vhcifc.mbs
521,Alda,Ambuda,timqm6idhmd5_jkd@ck.yoh
522,Bandhura,Amlika,eh_hpv_p@fun.gm
523,Aboli,Aarna,rn5b2w4wto@iqdajz.hkc
524,Bharavi,Alpita,uer7ht._fkvtaj@puxoixcb.ta
525,Aanandi,Ahladita,s9tov.mbsh.7jtx@jqhoe.jf
526,Ahimsa,Bodhi,v_9lm@ngys.ys
527,Bhanusri,Aabharana,liwg4q.aio1@datbokz.ogl
528,Amritkala,Anilaja,n_87_uh8.@mmy.vaa
529,Ahimsa,Bulbul,kzp1q_zr.wmzcx3d@tqycafnxiodom.ej
530,Amla,Bhuvi,w_mb_bldv64jty@fbzot.kbb
531,Amvi,Bina,vbqmam9@ohbcop.op
532,Bhamini,Anaamika,lx4w8.esc5bzb0@tphp.lf
533,Bhagyalakshmi,Amiya,znns@mx.mxq
534,Ajala,Ami,ao2q@uxk.xk
535,Amlika,Ananya,ngupouj5d@qnxnc.ol
536,Bryn,Bhanupriya,n1.d_c2wev.h@yd.qnf
537,Aanchal,Anjum,lyh4l@ohx.xz
538,Bala,Bhagyawati,tbjnvbe_wwksf@uzrgqre.fm
539,Bakul,Ananya,euawrw@iq.nbe
540,Amrusha,Aarushi,ama2oqwxafs@mlj.vx
541,Bhamini,Ami,r_4fe.sc_utxbw.wc@leljyhrmozmt.mk
542,Bhanuni,Anjika,uzia5ezb6_ju9@bwgqmbrdjutm.tm
543,Aniya,Amisha,skmmj.st8ceeyl_0@qzihypi.by
544,Bimbi,Alankrita,x.c@lwr.nj
545,Bhanumati,Amritrashmi,mbme2sgxw@lrjbirz.zc
546,Bijli,Amritaya,q_4.3allqx9j@fmdseiwnkg.gof
547,Barkha,Brinda,p.gnlb@penkl.ll
548,Aanchal,Akshayaa,vvncaqfgpgv@rogf.kq
549,Banhi,Alpita,w6o_ecj8ef@gbjihxecx.cx
550,Bhavna,Ajaya,hevon1_hpf_q@rw.dzp
551,Bhandhavi,Amodini,cn8ri1pc2ppo@exmmeagjxv.xvh
552,Bheema,Bhanusri,hz4ab_c@lnroax.oax
553,Bavishni,Bodhi,gtdjt@rx.xub
554,Basanti,Aloki,jb.zz3e6g6mjnp@co.yu
555,Ankal,Benaka,unqj_@ivf.fd
556,Bryn,Amrita,v_2j_cxeolugj@cbajpwjna.cy
557,Ankaiyarkanni,Bhavika,jb.9m0@js.yao
558,Aniya,Ahimsa,taiu4s@mog.gka
559,Bhumika,Amiti,thnaz@gxm.xmn
560,Ajaa,Bhagirathi,t2ajqn8j.cy.h_@egbeljjnurc.cdd
561,Amiti,Aashni,t.watbe7lvwcyz@vecnotu.gqc
562,Angarika,Bhrithi,x8xmtnm.f_jp@vnbfpo.rl
563,Bijal,Aarika,migsxj_o@zmdjz.wj
564,Aadita,Advika,abma7_.dlpsr@qocooqxsb.vq
565,Adrika,Amolika,ddhdx3uvnr@qczfe.uvu
566,Baka,Ankita,y50deahimgv.kl@mv.hix
567,Amal,Angana,jrcshygcf34qqtfws@bd.na
568,Adishakti,Aamani,o5q1rirjh@hmzwfq.zs
569,Amrusha,Amrusha,q.mi@zde.de
570,Bakul,Amba,qtdechqvgdpyj@pr.rkh
571,Bhanusri,Aathmika,jvg0ypch@uyvfs.lh
572,Abhimani,Aatmaja,donu9u@aeiq.qp
573,Anchita,Amritaya,zbggceyrt_c@snnmm.thw
574,Alpa,Aaniya,hb_zvjeujgk0w4vcq@fuqqngnpjaxxp.ku
575,Ammu,Bhavini,gytyii.ddg@boaytuam.mh
576,Bimala,Akshayaa,c_inbvptxgzx0wtjs@xzjciauqa.hvd
577,Anjini,Bhumika,qk9r.kjfvdvm3pxk@qoc.wzw
578,Bhagavathi,Aarna,y47fz61@wbidll.ll
579,Bakul,Aarushi,j1hjb.bpg0gkdngtu@tse.it
580,Aathmika,Amba,memeyla2xcwtev_@cdcbbtj.ji
581,Bhoomi,Amrusha,lgcv_z8ez@mvdhcd.he
582,Briti,Akshainie,oeu2wuu.c8ytpgjy@uoq.il
583,Aniha,Aamani,du_yb2ofws.f@qsvwxa.on
584,Abhipsa,Bhakti,q_.6pxe4z_8upar@dlpc.fnh
585,Bhavini,Amaris,unuhldf_@zv.ac
586,Aghanashini,Alak,r.4b_pb@axsr.qw
587,Anima,Abhira,ow2c9.oa_qsod4.ms@rylqxc.cx
588,Ablaa,Amukta,itm.g_j.sh8.ga.@tatlufuccxdd.des
589,Anjini,Angha,lswhm.8lto@jzbs.as
590,Anjika,Brinda,qefviy5djj0p3@fwj.dpt
591,Ajaa,Akula,au4g3oy@jfucnd.nd
592,Aamani,Anishka,r.vuw.xrezqay_zz@gatkoybasf.dpd
593,Bandhavi,Alpita,g_cod@jig.igi
594,Anjani,Amvi,d0cu0fuq@lghyfxy.xy
595,Anagi,Anahita,ylx6v5@ew.uo
596,Baruni,Briti,iyd_uhv.bzx6k@htwgqdg.ll
597,Akane,Angha,i7qh70f3dnqt.m@rovfbqbolt.wj
598,Aanandita,Anchal,nrbi@whr.hr
599,Ajaya,Abhijaata,gkmrrxz.uhf_v3l_w@qh.ey
600,Aja,Adishakti,ourk58g.@knyj.tzt
601,Aakriti,Anangee,v6h1wvfwtdatl@xmnocecoj.ts
602,Ania,Bhawna,uclm_eco4bduf@zrxvdkes.be
603,Bhanumati,Aboli,fvdvb.@ni.qr
604,Alankrita,Banni,p7w.o.h8b_.ki4@aavbfgdpmd.sl
605,Anasuya,Adwitiya,zavr32wu.gd@ykdhxpeez.zrg
606,Amvi,Aishwarya,j6rtiitgaewp9@mkntwbngij.jzh
607,Amal,Aashni,mrv7mu.dt@licwys.syu
608,Anjana,Ajaya,yv4b@ioc.oc
609,Amrita,Adhira,p9cv1@uyk.ykv
610,Abhisarika,Barkha,lnvxwep_.fykp@rymlysohn.jh
611,Amidi,Bhooma,l.ilwlu@yh.ip
612,Anjali,Bhakti,jxkcwdeqgnav8.nwr@jhmyatl.las
613,Aamaal,Bansari,bg4_@an.anm
614,Amoda,Aahlaadita,svp.k9qwl@oowpr.flv
615,Akanksha,Abhimani,rbwpbggh1i5wjdyx@pgaytk.pp
616,Alka,Amara,xodk.ibk@rktbt.yc
617,Amisha,Amitjyoti,xq2r4@blzt.lzt
618,Almas,Anangee,h_zezwj@uhzare.re
619,Alisha,Bipasha,pujcndr0u.g@feyg.ai
620,Amritaya,Ahladita,zxgzsn3@djuu.uyp
621,Ananda,Akanksha,dgo_lu5gdqnl@ajknn.xl
622,Bhawna,Bavishya,iwg0pddlb_vvwwga@fruzfjasjlo.vpe
623,Bavishni,Aasha,tvhz_jlnqu4@bjti.yr
624,Anandita,Banmala,wtr1zhrfvszfp.@leqb.as
625,Alak,Aamrapali,pb4ddantkucsv.chu@csfzjir.lq
626,Anjum,Bryn,vwjdp2ni@dwluam.mg
627,Bhanu,Amidi,ctita0f7@kmibf.lx
628,Bidisha,Akshata,pnh4rd9fmr2b8ll@eeolebxxsbfkl.ll
629,Anilaja,Abhijita,pricgp@rb.tew
630,Alaina,Amrutha,chsqpcnccl._ml.@eyqhjqngdv.hno
631,Abha,Bhagwanti,v.rt3zc@vbzdyi.yit
632,Bhagavathi,Amara,bax_sgtzsm@glk.hcc
633,Ambika,Akashleena,gqanij@bzga.gax
634,Anasuya,Aadhya,v.20ionu_@ni.yv
635,Amara,Benaka,nlb.pgoxp_uw.nt2@akfdxbw.pdd
636,Amritrashmi,Aaratrika,favgtkdolan3gukni@zui.aru
637,Aabharana,Aastha,pr.u@fo.foy
638,Bryn,Akanksha,mp09u2klczl@vj.ifg
639,Adishakti,Bahula,pg1ak_jji@yugz.ogm
640,Aashi,Bahugandha,hmb.hkny5yl_u_yf@gflmqpdc.gjx
641,Aditri,Akhila,haa7j@xuyo.yo
642,Ankolika,Anandi,fxqpjqhifhe@esxodlkpu.pum
643,Ambuja,Ania,dwglvkvomflaulst@sjqsuhvu.xl
644,Anindita,Bijali,p_r_yd8dhxlq.i@fenzpptcjw.voh
645,Akhila,Anita,fm.whniaoxbl9ht.@bgryl.vz
646,Ajita,Brinda,w70bg@uu.uxj
647,Bhavi,Anika,j.r0_pouedugaijl@tjx.ip
648,Akshainie,Amlankusum,othwu@lf.frl
649,Bhavya,Aishani,njde@bp.pr
650,Bryn,Amita,brcenak@yww.pab
651,Akriti,Adhishree,eo9kiwxbh_y.y@gqhdtpsmm.pkw
652,Adya,Anamitra,iykoeffy_hwt_sx7.@fslnaqzo.wp
653,Angira,Angana,jbbjephj@uet.cp
654,Aishi,Baijanti,gffj@co.oi
655,Benaka,Aasha,l.vl2i4igs_.c_42@sugzhb.pw
656,Amrapali,Anarghya,aoowgwrr.ih@pumetxxy.yzd
657,Akane,Akhila,az5pha@sg.stl
658,Amulya,Amaldeepti,ndrksmrshu.@edyskkxyz.yzj
659,Babita,Bhargavi,t_tdafr_df76ehvz@zhgvfsubh.ful
660,Bindu,Almas,uxmdx8gketn0wl_.z@aafsgewzdsfo.mr
661,Binita,Aashi,c_tf.ug8h6zrwzrgv@xooggrdd.mha
662,Bhadrusha,Bavishya,zimh.2ye@weofv.wh
663,Amiti,Anaamika,riyii_jglqi@ksvm.vy
664,Ahimsa,Bhawna,usavx.qyxmcnzj@feixsrzq.xnn
665,Ajaa,Bhagyalakshmi,mzuiwlky2@esock.uq
666,Alka,Alaka,wcenv@rrrh.rh
667,Aaral,Anahita,bwcetdpxd@ezm.zop
668,Aghanashini,Bavishya,ipfewueid.ef28@twlpm.ush
669,Bel,Abhijita,wgn7sa.@fpif.mm
670,Anandita,Barkha,c1eoqhy_r6u9j.@kgoq.pr
671,Anjushri,Anagha,hh_ow@ykop.op
672,Anisha,Bijli,ql.5gjo2zyazyq8ln@rywczqgsd.qv
673,Alisha,Abhijaata,ga_b5xoso@vzppvnx.zj
674,Aja,Baka,ecoevjzrm_qidg@vy.nre
675,Bhama,Anjali,byv_bfv2hg3_@daetxrrg.bol
676,Aditri,Aakriti,l3wach@uuibo.ibo
677,Alopa,Anahita,w.jeqfxyo7_.zfpy@jddwle.eou
678,Adwiteya,Aadrika,oxu8tbe3kfzf_ba@axdstqngsotd.dak
679,Ajita,Abhirami,wua.om.xfik_pvnmc@qczvjpb.pge
680,Aathmika,Bulbul,nrrc0z_kslc0a@slwwpgjdfxt.xtn
681,Bhargavi,Bijal,ri.7f.@oufth.fth
682,Bhanusri,Anamitra,xf_._xa@fot.dgr
683,Aabha,Aayushi,crout7fxtcp@rpbqiodfsq.sq
684,Bhumika,Abha,lhrbixig3@jof.bs
685,Bhamini,Bhooma,bpz7thn3om9le@ggrxwnf.fhj
686,Bela,Amara,rap43@gplw.plw
687,Bhavya,Agriya,twkxem_biy@gb.ovu
688,Agrima,Aadhya,xodt.bg@mwfvsv.sv
689,Amal,Abhirupa,wvv26u@yghmt.hmt
690,Bulbul,Abhipsa,ivoi8jh3@jkyuuxo.xo
691,Aadhya,Alpana,n8k.ohr6utihz@cvxcwoelsy.uu
692,Anchal,Bhuvana,pjeveh9rtt@ibpwyg.mlc
693,Ambuja,Bhagirathi,ut7a4@ja.db
694,Aahlaadita,Aanandamayee,ust7iu.yckhuyf743@qqemzwarpqega.xo
695,Bhairavi,Anilaja,z7pweoqb0@gkibjttz.tz
696,Aashna,Basabi,rfc31_gi_g_wnferi@tzxabkexq.ye
697,Bhargavi,Bhama,oakgu_w.6mguvie@ix.fl
698,Amvi,Anima,yrjctxb_4kv.z1c@ieqbkdx.twb
699,Akshayaa,Bavishya,ogc.2n5oiohno@keyvqnhjcojy.ojy
700,Ananda,Aditri,k.zzqhm.@qu.fb
701,Andal,Brinda,zaizzbc.189p@rmz.pk
702,Adwiteya,Abhipsa,z_dkqk.t5afhexw@csgzrrrmpz.cb
703,Abhirami,Binita,fztj@ona.ona
704,Bijal,Alopa,jtoc2yb.lvbk.h@fpokdhivginw.nwx
705,Amrita,Bhanupriya,ol07pnz3kqo@lkui.uqa
706,Bhooma,Bhanuja,p3.v_esn7@gkus.lr
707,Aarna,Basabi,iftvvw4sfxjai8_g@xcw.is
708,Bhakti,Aasia,guhjcxemz5ufiz@ocozw.jmo
709,Bhamini,Akshadha,h5ozdxcm@uxvskb.kbx
710,Alisha,Aapti,rfxifh@thcm.cmn
711,Bijali,Abha,zul8z_jammna@et.tcj
712,Briti,Bhagyalakshmi,u.qsjaspsgnfhtxa@yebrscg.muy
713,Ajaya,Bulbul,wm1liynckc@dtvklr.pq
714,Briti,Bhawna,g7x.qr@itebhb.bhb
715,Bheema,Abhirupa,nec.1ydwg@qk.ug
716,Amlika,Bhoomi,soiwm8ambsd1dsu9.@pdsptxbaos.xb
717,Aaloka,Agamya,ehlcpz_an_xu5f6q@kxkv.bf
718,Bhagwati,Abhirami,gpu2@dz.dzd
719,Brinda,Bela,c3qqhoolu@qvlgmvdl.vdl
720,Anjini,Akshainie,pzco1jm_.@niyev.sh
721,Bhavna,Alda,htv_zl.@iafs.pz
722,Aakriti,Bijali,spojog@srjsx.sx
723,Anjushri,Brijabala,mnnw_5j.zwjrct@kilatrrdi.dbu
724,Bhagavathi,Achla,nalr_wby_@soy.amr
725,Bahugandha,Amitrasudan,yoko@bk.ki
726,Ananya,Aanandi,s_zavx0l@mh.ng
727,Bishakha,Angana,wbid8gtp9@jybznkk.kkh
728,Anima,Aakanksha,bo.i1yox_.@ybt.ew
729,Baijanti,Basabi,yngo.qtzi@efoihyb.bo
730,Ania,Anika,lf_aiu8tqdqdfm_@hsgj.sa
731,Bala,Aghanashini,xb3wly_bupe@hzqbpgufu.ug
732,Amishta,Bairavi,wzzgvlq1.yzm@rb.oq
733,Aaniya,Bhagwati,uwff8pmiapjqw0@lysptbo.zk
734,Anjana,Abhimani,mxxdwb@rwaxn.axn
735,Bani,Bodhi,tgvw_vu8_d_q8fcc@pvob.bce
736,Angaja,Amla,ago0a8wbx_k.popbf@pzp.yaj
737,Ambar,Aboli,pbct4tc@xigh.xo
738,Ahalya,Aashni,zw9mopquv5zhhzb1@gkdczq.wa
739,Abhirupa,Alankrita,e31rzbqtj@kyfwdp.pci
740,Anindita,Amrusha,urkn0pigs0waxe@ksvrfjg.ub
741,Banmala,Ambu,xljp_yh0@etsn.iuw
742,Analaa,Ambu,wrwketysz9b@wa.fit
743,Adwiteya,Amitrasudan,lcbm.@ayzo.yzo
744,Amrapali,Anika,ae5.u8_qvmg@mctlbdaz.zun
745,Aadrika,Anandita,qfqdb.ayiz@mpb.mh
746,Akshayaa,Bhumika,cloxqup.at@xypbsd.xcc
747,Akshata,Abha,xutcz@exwo.xwo
748,Bakul,Bhagavathi,xei4.@jwfq.fq
749,Akshainie,Bijli,xba0bsjpbgm@zbmqmbnp.pod
750,Aditi,Anemone,zkurm9spdd.@irawiwcctv.ctv
751,Amita,Briti,c_vajvkux@wpvznfs.fsq
752,Bandhavi,Abhilasha,j4clxh0clmvjo@lzrxuswtn.bpx
753,Amishi,Adhira,ftwb@hjw.jw
754,Basabi,Anjali,e75.ktlvfcl@fzkn.op
755,Amrapali,Bhamini,f.nj1apny0jzq_@nipcwnvre.klr
756,Binita,Banni,ttbzch4yd5jjc.v_@zntva.lem
757,Bhanumati,Akriti,w5mqk@hac.cq
758,Aahlaadita,Aadarshini,ebxfynrzase2k@zgqisuwng.mw
759,Anjini,Aarti,q8_img_.hhjs9@mbcjmyg.jp
760,Aashiyana,Aahlaadita,piyyn_q@njaxs.xsq
761,Ankita,Alankrita,b0_bgqwsr1c47b@qbq.up
762,Bhanuja,Analaa,dq2bqs@xyju.juz
763,Bhavya,Advika,xtaxnjtogqiebys@tlazfv.loh
764,Bidisha,Aloki,sflbp@bfhy.hy
765,Anarghya,Bhanusri,vf6nw_pyf@pslsotz.zm
766,Anantaa,Abhijaata,vcrgvwmag2u7o.@wsm.iuq
767,Bhupali,Anita,a.kg@rk.rkn
768,Ahalya,Bhanuja,d.d_r@az.zih
769,Amishta,Aashi,bpf.da0ids@zcjgmpffs.ffs
770,Aamani,Anamitra,m_ag6oveh1l@fjl.fum
771,Alak,Bhupali,vzaalv.l5sbf4.@uhffhzuyf.mgv
772,Amidi,Amidi,ioejxpux@ot.sxn
773,Aniha,Ana,in2dxsq0@rzn.iit
774,Bavishni,Akshi,kxdycv0co.hf@envnsv.ewq
775,Amukta,Bimbi,a_hv@qii.ii
776,Advika,Bhagyashri,u7dw@kxj.xj
777,Bhrithi,Amshula,yd5.@yr.yrz
778,Anbar,Aashalata,hnxjararasl3x@qec.ri
779,Bhavini,Agamya,w_hpe_jzx@tdeh.xj
780,Aarika,Ammu,nqn0@vg.vgc
781,Anagha,Amoolya,poymkh2tb5@ign.ra
782,Abhijita,Bhanusri,e_fojylw7aec@jrhqg.bv
783,Aarti,Anamika,ah8skr4@kqgmlt.mlt
784,Anagha,Akshainie,xjujvadw@harjy.fc
785,Aashni,Abhitha,ya_4jw_1dbkye@jowwfruty.hs
786,Amlika,Bhuvi,mmgz.2qpxp5nu@oqwbnajzw.zm
787,Aloki,Bahugandha,ccvd3cuy@cyjk.um
788,Anandani,Bhagirathi,lbiy9if.urq._yeff@uarffd.udx
789,Abhirami,Aadita,qkumypsqe@vrax.uf
790,Anisha,Bhavi,p2ckgzx9@bwvoyr.yru
791,Aahna,Alak,fetcpp7swsc4d@fhpakmbdzofc.ofc
792,Aamaal,Anisa,pedtzhbwwqrpf@lmljtjtywr.gw
793,Adwiteya,Anjini,mrb.w@edu.duf
794,Amoolya,Abhijita,rura.@zm.mib
795,Amal,Alpana,thudyx.vqjktx.@qxcswo.mt
796,Agrata,Adwita,m9yz3ncg@foevoy.yb
797,Aanchal,Adwita,xbv6qaif1b4viy@hftgwzndgctnq.nq
798,Adwiteya,Amba,o6.odjamx@hxushzqf.zqf
799,Akshita,Anantaa,vepw5roz0xh@tfmiw.cy
800,Babita,Ajaa,ciazyf26j9_y@gacmnpyqhxk.xk
801,Abha,Aapti,thbs@nvr.vr
802,Aashiyana,Anchita,se_tk@guu.uut
803,Bhavna,Anchal,k0h.fkbbe_hve@sqjjcjbc.axs
804,Bijal,Amlika,pjudnwnaf0@zfod.ze
805,Anima,Anjum,fqj5au@kvitg.tg
806,Anilaja,Aasha,a_svnrop@lb.wmu
807,Bavishni,Aashni,v6ekccm_g@cqphbg.ck
808,Abhira,Ananda,lb4cuhr7e@sfifhyax.yax
809,Abhira,Aanchal,tdnbasq6alqtu@lefpoo.uxa
810,Almas,Amba,fi_oxw6at.d@lby.ec
811,Belli,Anjum,awn7q5i3xs@heylelttv.tv
812,Bryn,Amulya,pzli.b7k0fr8yt4@ciklqyixdb.qvb
813,Advika,Amoda,z.xdxsa@ib.lsd
814,Binita,Anjika,r.xqpxkfes@imvecdt.fb
815,Bani,Abhitha,ylrxg.gqdq@piqj.siu
816,Brahmani,Aishani,zacgte91x50wi8f.@wjtoh.bzm
817,Anchal,Akshayaa,anebm@ata.ax
818,Ankal,Akane,jz2._mjvu@pmnot.jov
819,Aloki,Akhila,rfcahighmihyvpsg@rsxswnuqww.lfl
820,Aishwarya,Achala,oqfcr_@prb.bnf
821,Analaa,Abhira,phkwym5wmokpil@peilbjsyyc.uhp
822,Ankolika,Bina,fni_juov@hk.kv
823,Bakula,Alpita,pymgf.egl@twlyhwzg.wzg
824,Ablaa,Amara,yqhn7jnajbisl.@wqi.bxw
825,Bhama,Ankal,tg.hi2gayy40@vfnt.qa
826,Abhisarika,Anisa,lcrbct_@empfzt.fzt
827,Bakul,Anandani,dq.kb@sjuo.uo
828,Brijabala,Aamani,vrgfbhvuqfsk.s9@htmfv.xm
829,Adhishree,Amala,v.q1vwiv_h@zxfn.lkl
830,Anita,Ambar,xmpvxnxj2@vxsgnht.hti
831,Aamaal,Abha,e_9z3qox13ek@bmpe.qvl
832,Amishi,Aadhya,vvyyc_6zm_t_yr.fl@azpqzjczgg.ggc
833,Anima,Alaina,epkxoycgzy.ysubx@gwk.fjz
834,Aniya,Amidi,fp.8nsfyyb.0_0f@gympf.kus
835,Achira,Abhijita,bhozic.y.mjgg5@bi.pc
836,Ami,Anemone,ccs_sl@oe.ii
837,Agrima,Aanchal,hxarvpojdz.vz2@kxtvauqgxgpxz.pxz
838,Bodhi,Babita,fq_jhldr1@ypshjs.smc
839,Brijabala,Aabharana,slbunu_ll.ks.qom@kkvmlxbamgev.qn
840,Bansari,Bandhura,wpllac1egu6fm@hmtyhch.vkp
841,Anjini,Alaknanda,kepk_.amgb8i@ozcib.ubr
842,Aayushi,Aakriti,g5gg.ywguv@kjzxfhv.xia
843,Akshayaa,Achira,ael9vj_sdg@cwyqng.obx
844,Anindita,Bhoomi,yywqcahxafh_chj@nbvazzl.nnh
845,Ambika,Anbar,gcnd@dlp.dlp
846,Aanandita,Akula,liztyx@kj.hm
847,Aaradhya,Barsha,eqbzrwtknt@gl.kg
848,Adwiteya,Bhavi,pgrigd2x.olf@gzmezbcfs.wx
849,Aarika,Aahlaadita,qop7cj_yqtvakwsdw@psmhqa.va
850,Aathmika,Anjushri,pysdwl4bcdso@ooaxn.xpa
851,Ananya,Ana,ac3hwp.w3hyf@kaptbyq.ti
852,Banhi,Aashna,be5r.b@bsyda.yda
853,Amla,Amritambu,ool_ey1yoc@ybuk.non
854,Bina,Bodhi,to7nj_x@de.oq
855,Bindhiya,Bhakti,nwahnj@frvda.da
856,Alka,Akula,litz.ebdj@rnzywrci.ci
857,Bhanuni,Anjika,ryx.r@eeee.eee
858,Bel,Bhagini,msfiubw3kkwd.@smlywbde.jcj
859,Ablaa,Bijali,og_x.bfq6ji@yse.dma
860,Abhijaata,Ablaa,dqwhgz99c@fcrljzm.zmy
861,Brahmani,Bhanuni,w8lc6m_vaoe_ltuv@rcxj.nqu
862,Ana,Aarna,hawyw6rhc@dys.ac
863,Alisha,Bulbul,xm_3trs5k@yfgeknt.tv
864,Brinda,Bhaumi,ijax6bs2vvczlhiap@cvskfspndqhn.ebt
865,Anjum,Ananda,ldjekny8zbxrpwy@atlkkgjt.ukr
866,Anemone,Aaloka,gclr.baiz.@tue.bc
867,Aayushi,Angira,ooueo_j4@ac.rkz
868,Aashni,Abirami,drihshe@obj.en
869,Aatmaja,Bishakha,wubs@si.iz
870,Ananya,Advika,v5bnkf6e_n9@gstqtfcrw.rwp
871,Anamitra,Amulya,qtxlr.plryafw_a.@wwor.hvi
872,Ana,Amara,judie.fp0_.y0t@ciponw.nrp
873,Agamya,Angana,be8ko6rcya_y0px_9@wwflnbwghsn.nm
874,Aadhya,Aahlaadita,wgfh@qn.qnw
875,Basabi,Amithi,l5cklcumjma@oryvl.th
876,Almas,Bhanuni,sfpj.tf@jk.lq
877,Anjali,Aahlaadita,hyij62mgkjh@hlrt.wzc
878,Ammu,Aashiyana,saztsoxwcurx9af.y@cbvfgkeym.gc
879,Anagi,Amitjyoti,lgtu4umxlx5@inr.mab
880,Akshayaa,Bhumika,d9albfv_tk2_@kf.yo
881,Bhuvana,Bela,snfxcwdyjnlpdmgp.@klmag.fu
882,Anandani,Alaina,penox@wejr.ejr
883,Bhanusri,Benaka,bhddgsj.@sxoym.man
884,Bina,Ankaiyarkanni,bpdt_v9w.p.fpe.w@uzmjsd.qr
885,Barkha,Anjushri,bdi4_zkynmwduk@ywbokenpo.fl
886,Anaamika,Aarna,ailvrtujxbmf3@nndbahdh.fu
887,Anjalee,Aadrika,pvvb92.ru@rlegk.peo
888,Anita,Anamika,zfuha7s.n5znexp@miwrhwtxgj.ipd
889,Anamitra,Anemone,lyzib4r@lglvv.vvc
890,Brahmani,Bulbul,bjfbla_@awi.va
891,Angira,Aarna,ow_m.ntrd.s_a_.v@mjxkxzf.xg
892,Bhuvi,Bhanusri,w9yg@uoj.oj
893,Bhavika,Ananti,fsiqi4t.kxd@ot.mjs
894,Binita,Ambar,jp.5wjy@ovqyy.yys
895,Ananya,Anjushri,gu_oaoctc@frfputh.thy
896,Ankaiyarkanni,Anemone,d9wjoky.rzrlynlkp@rireiszpqpoog.xp
897,Bidisha,Banhi,pmofvyt3ivmrr@yghcyziqupq.qu
898,Amisha,Ankita,mbr6m@bh.bd
899,Angana,Ambaalika,qiju@yr.yru
900,Alpa,Amidi,h6vv3lmvyi3_@jqcab.cn
901,Analaa,Bhuvana,v6k_ossba2v@tkjgkechaq.haq
902,Bhavika,Banhi,ccpz_t_.csa6_wlp@xdryqxivbujwz.sip
903,Akshadha,Amitjyoti,zmnp4rx015aj@jbtznugp.qbe
904,Binita,Aahlaadita,bbr2hn6pdhirt@opsrpmhqvv.vxn
905,Aastha,Bhanupriya,npkm_u.u.u_vqspns@piwb.ao
906,Anamitra,Anamika,zojmf4qm@jxux.rb
907,Anindita,Alaina,fnf6kkv@xeirkn.rkn
908,Aarti,Binita,jnjflvqcgo@bnvionwso.wso
909,Aaloka,Bairavi,y_9._@cv.twm
910,Alaka,Akshi,utng._l@xum.cjv
911,Amala,Aaloka,em1_u4b_f@rm.fmm
912,Achla,Bhagwanti,eqgindq_tul.@opb.eo
913,Bimbi,Aloki,dpl2jhhbcf@ohwe.ewe
914,Alisha,Anisa,e.t0_tqxn_y@feilmpvdm.dmg
915,Ambar,Amritkala,febi@emf.emf
916,Bhaumi,Adhira,demy0mwjsiaju@skqadgczujhr.hr
917,Amlika,Ajita,yt1uaaqyi@pqgbjmvt.vt
918,Aahna,Bhanuja,udkexvi64b@swihykj.jqb
919,Bhanupriya,Adya,e0tog_v@xf.qi
920,Amba,Bipasha,j3yaip.beqwb@udjisjgq.ngy
921,Anju,Bhagwanti,fef1ka@py.zsr
922,Amukta,Anisha,daexba_lq.uhg@fsakl.iom
923,Amoolya,Ania,rf.qv_@ljybk.ybk
924,Ankal,Bina,jajql6uvyc4cqa@qbuuyfsfnie.ewu
925,Adya,Akshadha,ck_irkx_i@ntuge.gle
926,Anishka,Anarghya,o.zk_xurl8l9b_.g@wambne.rzh
927,Andal,Analaa,u.x.osdmch@ozdijow.kz
928,Aloki,Anandita,irs.elz@kgpn.nyp
929,Aishi,Amitjyoti,ro2dm@cn.nja
930,Bahula,Bala,ldzt@eh.ehb
931,Bheema,Ambu,uxzlowm.lk.xjrggl@scagdzokxpjqr.ta
932,Ami,Aarushi,xk_kmd@nsv.vnx
933,Bhamini,Aastha,nekhzk1y03ia@fnrvoickx.od
934,Brahmani,Aarini,eyukr.j4kykubd@fa.vhj
935,Angarika,Amoda,lyxncvi9zssqjk@hdoxbqxr.xvi
936,Bageshri,Ahimsa,bywxuh_0nerco@egfbbobnv.bvg
937,Agrima,Anjana,i.9fhutnvcfi@tlzn.rh
938,Amritrashmi,Anamitra,ahlcag@cvdhn.dhn
939,Amaldeepti,Bijali,qxaatrc.@xncmn.ug
940,Ankaiyarkanni,Aashiyana,yav_eh_@tfgo.omu
941,Anita,Adwitiya,qgro@yob.ob
942,Amita,Barkha,iaydlajar8qjuot1@afmigi.adh
943,Anarghya,Amvi,qzf.mojnp7@ugebmue.si
944,Beena,Bhamini,h2veb.mmzaxhuifh@vngttoh.hp
945,Bhanusri,Banmala,k2_gzw.u6oyst9vpx@ftlaizjwqcpav.wrd
946,Angira,Anahita,g8we_@nv.vse
947,Bhagini,Akshainie,aiqymgzj4@augeqgsz.sz
948,Aanchal,Abha,j00viowqg@riqog.ev
949,Basanti,Bela,yktq5xoyxhp@lzoufdc.pap
950,Aishi,Anita,khrl@zvt.zvt
951,Abhijita,Abhaya,izyb.te4_.@uabut.zqa
952,Abhaya,Aadhya,vp9fje1f@gxm.ge
953,Aadarshini,Aakriti,bmf_k6tmfgx0n@uppjlizd.rxa
954,Abhira,Ajaya,gltf.vj@ogc.ny
955,Agriya,Bhadrusha,lq_lphjwu.f@vkfiazujbs.bs
956,Alankrita,Aanchal,q5gyiy.i_vifwddvf@cqqxc.qfb
957,Anishka,Amaris,xxavm7j@neh.wud
958,Anita,Abhijaata,lbqnl_t@orsnsj.sj
959,Akshara,Aapti,qy_8yfbqgnvwsjk@nvsthrgluga.vz
960,Baruni,Andal,pwfgiskarde_jk@uiaklsiluw.sdl
961,Abhira,Ambuda,kauchabayd0@jfqemkd.cwd
962,Anika,Abhimani,dpchvjjd81g.@pnxyjjty.xi
963,Anjushri,Amoolya,zfgybj.z1_g7og@awdze.il
964,Bhavana,Abhirupa,jl8ikkb5bc@qgn.pf
965,Ajita,Aboli,zcawcedydqnbl@vdgwvpcnyo.qx
966,Aaradhya,Agnishikha,h_yyho@imqq.qy
967,Bhagavathi,Bhooma,k9e.6n3ww_my.en@wtnrujbjinx.ea
968,Bakul,Bahula,xwyq_@vckw.kw
969,Abhimani,Anjushri,sjhbhrm@eyfmm.mmo
970,Aasha,Aishi,i9fbwvz6uzl@wbeeksbrxv.rxv
971,Akira,Ambar,khuyktq8rluj@dwc.xb
972,Bhagyawati,Bryn,crjirdzx_w4ghgvpn@foxvwmyufiqt.ow
973,Agriya,Abhaya,bj6rnoo@nkptss.ss
974,Aadhya,Bijali,bzjr@vqi.qi
975,Aashiyana,Agamya,owtiysz_@smswcy.yu
976,Bidisha,Ami,gpppetrd@nk.jgg
977,Almas,Abirami,h_t5.ezv@zrg.klm
978,Ajaya,Aditi,temj_undn5e4@nftfgygimbw.mbw
979,Amishi,Amitrasudan,xe_.hq.e_dpr9uqfh@xklmwtjjyb.ss
980,Amritkala,Akshayaa,truim4@zsh.ya
981,Amulya,Aaradhya,n6q.p5@nsft.ftr
982,Abhijaata,Amrusha,dmki9z@fr.jv
983,Anindita,Adhishree,bq8zetiytlp1cqpc@rsnmcsgtk.kp
984,Bimala,Angana,n8izu.zih@iz.qeh
985,Anchal,Advika,dsiju8j_evzpk@uguarjsyjixm.ixm
986,Ambika,Adwitiya,b1l_l@xgp.gpb
987,Akshata,Bhagyawati,lv_femd9@ayo.au
988,Amritkala,Ablaa,axpzzrfbpx@mwearftxq.txq
989,Bhaumi,Ambuda,l2vjeeeuddfn@stlq.ct
990,Anantaa,Anjalee,vambcy.wcdnwx@aykjgh.byc
991,Basanti,Anika,hpfuhfubwqlauamr@bs.xt
992,Anarghya,Agamya,fz7wtep2@ra.oqx
993,Ambika,Bhagyawati,l1_edtegkyzct@frqrjcedeljp.ljp
994,Banmala,Aamani,la9g4z4a@npexaa.av
995,Abha,Bina,vmcdi@iuqb.qb
996,Anandi,Alda,ni_c_i0kvmw@cbhsbvfr.qg
997,Abhipsa,Amritrashmi,m1lrixmmi.la@mey.al
998,Bhanuni,Achla,t6oqnrgke@kojicwts.ts
999,Banni,Bhupali,utszeyhhvobujmeep@tyskvdaew.gn
1000,Bijali,Akula,oinmrxkrbh@uf.ki
